source_type,query_name,registrable_domain,outcome,returned_domains_json,outcome_id
whois,189.gov.ye,189.gov.ye,no_record,[],sha256:63c87afe5bceab1944dee975e035894385c710fc4608d132be269b0d57349642
whois,22may.hospital.ye,hospital.ye,different_domain_returned,"[""hospital.ye""]",sha256:f08f3a384c84bd84a25c87fe401e9611fc28cef4739702fd48db64942b9e3f42
whois,abusits.yemen.net.ye,yemen.net.ye,unparseable,[],sha256:dcff966713480910003e0ed5dbb0fec09c28aba1ae79a413f0f58d9e67b1397f
whois,alahwal.com.ye,alahwal.com.ye,no_record,[],sha256:0592646737a25401ebe5914763d3c33223389af03078ef1a5b68619f7edc3dc6
whois,alhubishicenter.com.ye,alhubishicenter.com.ye,no_record,[],sha256:6b0e6fbed8c61d3ec7ac86632fe68f39e49050a39b97471f337844ae34ac5625
whois,alshamilawfirm.law.ye,law.ye,different_domain_returned,"[""law.ye""]",sha256:dd96aa93b70b51a8e731f0fcf7c2a559ae1eb2cc87c84fcb82c6087b8f8eea50
whois,aman.hospital.ye,hospital.ye,different_domain_returned,"[""hospital.ye""]",sha256:126822c2ddab67cc1a5c405d84ad73f235301c07b87ed0d75bd36c1297b74506
whois,amana.ye,amana.ye,no_record,[],sha256:f89478265952c57c50d136a244487f49bcb8fd3d8ab5173c381cf874d82a8de7
whois,aust.uni.ye,uni.ye,different_domain_returned,"[""uni.ye""]",sha256:7b953c619e747b0f00658cd76e14c01ca99dfb5631feb4c1d2d9b0e2e547ff78
whois,bst.ye,bst.ye,no_record,[],sha256:8f27dfc8205cb375c0ec167d3457ea02e100d318b311981bd808021154332c6f
whois,codeit.ye,codeit.ye,no_record,[],sha256:ac9fc92bfa167504d31633eacc6a986afe42e941a6c98425509ea7f4e8de1c84
whois,folsu.ye,folsu.ye,no_record,[],sha256:f91556f6bb82567f683d7d85bacf57cd8cb68e48450b8dd3f846d1e9a675f22e
whois,fortech.com.ye,fortech.com.ye,query_error,[],sha256:b634594c993d3a4f5a58bcd0f5f459a581edebb7bbadddfa67fd24892772c913
whois,garwsp-eu.gov.ye,garwsp-eu.gov.ye,no_record,[],sha256:edf12bc0c95f43c2e946f2591e44836ef89cfe055142319e729281d4a6cbc2d5
whois,gasspy.gov.ye,gasspy.gov.ye,no_record,[],sha256:73c03e6ea448ce4b77d33a01f48042e1805732bd43d5ce9bdb64014b9e33a472
whois,griffin.com.ye,griffin.com.ye,unparseable,[],sha256:e34f8ffa0226665f02978224135e21ce3b2ea3ce9fe76d95c41c31118188ee16
whois,ibb-wslc.gov.ye,ibb-wslc.gov.ye,no_record,[],sha256:aa3e743c298e95904e5afd000160a2169e4cf04bf2a720508adb4c11b79c6e94
whois,icdl.ye,icdl.ye,no_record,[],sha256:b59c1bb92c7b1b4fd7adaf9a3297489971fbabcf705d80d21f49efeeef928915
whois,ict.ye,ict.ye,no_record,[],sha256:610b84dfff3c06242433d4a746fb08affa038193065f567445539e8da9784f43
whois,innocence.org.ye,innocence.org.ye,no_record,[],sha256:2ae42227ed9d46f2840698e3273e607b6d2dd45a25d5d2fc46758486c63ea93d
whois,isoc.ye,isoc.ye,no_record,[],sha256:cde6bcef655543c25df282c5e5c5f2ba8a73ad31dbfa08717cf565c1db09f3cc
whois,mail.gov.ye,mail.gov.ye,unparseable,[],sha256:7d79d17619ce71ef96a7b3f4af918231cce6833c7f6d4735a6ee66de1251f387
whois,mail.saba.ye,saba.ye,different_domain_returned,"[""saba.ye""]",sha256:494f5d9956a78e3fa3cebc303042ccbc6836e07c29389e14d6355fd4968babf3
whois,mali.com.ye,mali.com.ye,unparseable,[],sha256:3f6b21ed13bd9a108126c8c760e485fe727a6471d06b5a52542bf18d9aa7ba55
whois,mamoon-mobiley.com.ye,mamoon-mobiley.com.ye,no_record,[],sha256:0e66009dc48aed916d614e5c348f58e911c7253c9973fec6d0f3012d2378313e
whois,nabdalseha.com.ye,nabdalseha.com.ye,no_record,[],sha256:bf9849b76473bb64a79c841e3b433e58ac50d83756a187d70b99dd77374513b8
whois,nabeelyasin.com.ye,nabeelyasin.com.ye,no_record,[],sha256:178fdb8ee3adc9363ce698e2b4e38d2ed65b62e4174bf7c45d6236583e54ec53
whois,natco-razi.com.ye,natco-razi.com.ye,no_record,[],sha256:c86d3cc890ba01311c54ec16e2b69204cec75cbb796524d0c8df777c889dafdd
whois,nbyyemen.com.ye,nbyyemen.com.ye,no_record,[],sha256:602b30f48d22b5b513e873592b2d4cc4d8012801a3baf5c6d042dcfb65038446
whois,ndc.ye,ndc.ye,no_record,[],sha256:a5ed573aef07fed18a7ea99e60303b55257fd864ca369dbb3913092c9341d340
whois,oppo-aed.com.ye,oppo-aed.com.ye,unparseable,[],sha256:89b2ea00fef0568b85550c4dcadf66c10d20fd07e6d6cdf6f223778a5388b5d4
whois,oppoaed.com.ye,oppoaed.com.ye,unparseable,[],sha256:106c66b58151621681fcf93a331010554ee9bded7c28aaf195843ac918d9b006
whois,petronahad.com.ye,petronahad.com.ye,no_record,[],sha256:d70edda49937cb49a884bdc50c3eda7c07ec892b526cca5b3603f654e3d0bfb7
whois,phpf.org.ye,phpf.org.ye,no_record,[],sha256:88f6bb9c0a8ceb15e8d037b29f40f5ba1a599cd52576f9477fdb6c0fcb2250df
whois,pub.ye,pub.ye,no_record,[],sha256:b55ca2d5794f83726df28492d37dfed3fbc2eab1ec70347f37e9d36afa9405de
whois,rased.ye,rased.ye,no_record,[],sha256:581499e693891499be76f37abc33a8d12261f06bc2ab1bcb8a00cc7a444770ff
whois,rashadbohair.com.ye,rashadbohair.com.ye,no_record,[],sha256:48d087a053510294b517d8ce15dda9823cdcf807984ed5828167624694f64433
whois,rashadbohair.ye,rashadbohair.ye,no_record,[],sha256:292411c81fd4ebf9d7b2e4237782719eb1733b8f41ba577c2ea7f8b04d1b8fbd
whois,riyadh.ye,riyadh.ye,no_record,[],sha256:00aa79e672fc5907c074cb88092c194d7d4e87f4743b8121b57adb822a6e4a8c
whois,rowad.edu.ye,rowad.edu.ye,no_record,[],sha256:c25d2f37d67fee9ff889ee461bd2673da52cd8b892c6d6247eeb5a0f371ad529
whois,rsm-yemen.ye,rsm-yemen.ye,no_record,[],sha256:76dd72fb443fd7151243dcebebce57917ba3706fcea60083aae0c4df695f7a7e
whois,rsmyemen.ye,rsmyemen.ye,no_record,[],sha256:178ba6e6f7a3a86c1ddc2b424a7ae477fa37b1b8a7a549fa95b21055c2fc9289
whois,srs-mohe.gov.ye,srs-mohe.gov.ye,no_record,[],sha256:33a7e4148704893fe6d994a6828bdd6cdb6539142b3215b6a90492ab0a2bf52d
whois,tebyan.school.ye,school.ye,different_domain_returned,"[""school.ye""]",sha256:dc296521c07e310563f24bc224f3e481f8abf5bc2dbf71c86379c31da562d120
whois,time.ye,time.ye,unparseable,[],sha256:92b4668562d2a2f2b38f2c6be54bc61638f22bac475d9454e65c3a507c9be880
whois,togetherpharma.com.ye,togetherpharma.com.ye,no_record,[],sha256:04c5e4c77e9a268e55ab812845998cdeb92557b0d1a424f4255ea0201e42bce5
whois,toshiba.com.ye,toshiba.com.ye,unparseable,[],sha256:addb89d4c095f3cfb829ee39fd81b9d7ece0e515a200ff54fa3700ce465b7394
whois,twitter.com.ye,twitter.com.ye,unparseable,[],sha256:e7bf9309c59d88a681488f13aa0997b84d44cd9cad9aafce24465821d79bd5df
whois,un.ye,un.ye,no_record,[],sha256:fb04540436e775ba215c86a9c8c86d1462e80842e6f06d37b2c984fec39e0198
whois,whf.org.ye,whf.org.ye,no_record,[],sha256:ba3fbbbdacb5a97e5cc9467cf649c97c13815c545b39f0ad88b5a519f8c42313
whois,www.almutakamila.ye,almutakamila.ye,different_domain_returned,"[""almutakamila.ye""]",sha256:f10cbe6a34d1b6294f19361671f0547cf3eed0059fbe2301b9dd9eaeccce7f70
whois,www.onyx.ye,onyx.ye,different_domain_returned,"[""onyx.ye""]",sha256:f49214f3b5904afcf5d65c65a4c330d7a7c704a50cbf0505584dcb4db57bd4ac
whois,www.platform.ye,platform.ye,different_domain_returned,"[""platform.ye""]",sha256:129a40a60fc3c899259a4d18247726ab7903dd282822b8645230bed1d3307cac
whois,www.qau.ye,qau.ye,different_domain_returned,"[""qau.ye""]",sha256:550dd50b5f51541f9dc4d752181204ae994080d94eaefd989d46f5bd312d70f5
whois,www.saba.ye,saba.ye,different_domain_returned,"[""saba.ye""]",sha256:ba490ea19cf43e454412e64761989d635d1247c84ac11ea0e35cd917952acca9
whois,yec.com.ye,yec.com.ye,no_record,[],sha256:dc148aa2d91951352539c34753cbe1c49922fd4e6f4bb60f1776b8fabe3b8b41
whois,yellow.ye,yellow.ye,no_record,[],sha256:adbaa11857d0d50fc4335730b2973a08c1f066c7cb87ede2b095e0b8e2ba7da4
whois,yemen.com.ye,yemen.com.ye,unparseable,[],sha256:0cb5833c6e6349db72923728e48e41e2b617bf26c7ef1178d0d4f651c648b714
whois,yemen.gov.ye,yemen.gov.ye,unparseable,[],sha256:4cc78596cd94e2bedd103fced351a73211b8dde73fa059890fdc5d5b317e7f18
whois,yemen.net.ye,yemen.net.ye,unparseable,[],sha256:3291732e6c9133a288870ed6a6b4d065f90f50c9ba7517fae1b1d0e4882a9b66
whois,yemennet.ye,yemennet.ye,no_record,[],sha256:1ce31c3d5649f586fec3ebafc804bf096578daf42d912d8336c718d16eeb3cf3
